[
  {  
    "title": "Looking for a solution to boost productivity?",
    "desc": "There are many variations of passages of Lorem Ipsum available, but the majority have suffered alteration in some form, by injected humour, or randomised words which do not look even slightly"
  },
  {
    "title": "Need an easy way to manage your projects?",
    "desc": "There are many variations of passages of Lorem Ipsum available, but the majority have suffered alteration in some form, by injected humour, or randomised words which do not look even slightly"
  },
  {
     "title": "Seeking a user-friendly solution for your team?",
    "desc": "There are many variations of passages of Lorem Ipsum available, but the majority have suffered alteration in some form, by injected humour, or randomised words which do not look even slightly"
  },
  {  
    "title": "Looking for a solution to boost productivity?",
    "desc": "There are many variations of passages of Lorem Ipsum available, but the majority have suffered alteration in some form, by injected humour, or randomised words which do not look even slightly"
  },
  {
    "title": "Need an easy way to manage your projects?",
    "desc": "There are many variations of passages of Lorem Ipsum available, but the majority have suffered alteration in some form, by injected humour, or randomised words which do not look even slightly"
  },
  {
     "title": "Seeking a user-friendly solution for your team?",
    "desc": "There are many variations of passages of Lorem Ipsum available, but the majority have suffered alteration in some form, by injected humour, or randomised words which do not look even slightly"
  }  
]
