[
  {
    "img": "/assets/images/project/projectThumb2_1.jpg",   
    "title": "Working Laptop",
    "desc": "View Project"
  },
  {
    "img": "/assets/images/project/projectThumb2_2.jpg",   
    "title": "Working Laptop",
    "desc": "View Project"
  },
  {
    "img": "/assets/images/project/projectThumb2_3.jpg",   
    "title": "Working Laptop",
    "desc": "View Project"
  },
  {
    "img": "/assets/images/project/projectThumb2_4.jpg",   
    "title": "Working Laptop",
    "desc": "View Project"
  },
  {
    "img": "/assets/images/project/projectThumb2_5.jpg",   
    "title": "Working Laptop",
    "desc": "View Project"
  },
  {
    "img": "/assets/images/project/projectThumb2_6.jpg",   
    "title": "Working Laptop",
    "desc": "View Project"
  },
  {
    "img": "/assets/images/project/projectThumb2_7.jpg",   
    "title": "Working Laptop",
    "desc": "View Project"
  },
  {
    "img": "/assets/images/project/projectThumb2_8.jpg",   
    "title": "Working Laptop",
    "desc": "View Project"
  }
]
