[
  {
    "img": "/assets/images/testimoial/01.jpg",
    "logo": "/assets/images/testimoial/logo.png",
    "subTitle": "Senior Director of Marketing",
    "title": "Marvin McKinney",
    "desc": "It's a pleasure working with Bunker. They understood our new brand positioning guidelines and translated them beautifully and consistently into our on-going marketing comms. The team is responsive, quick and always willing help winning partnership."  
  },
  {
    "img": "/assets/images/testimoial/01.jpg",
    "logo": "/assets/images/testimoial/logo.png",
    "subTitle": "Senior Director of Marketing",
    "title": "Marvin McKinney",
    "desc": "It's a pleasure working with Bunker. They understood our new brand positioning guidelines and translated them beautifully and consistently into our on-going marketing comms. The team is responsive, quick and always willing help winning partnership."  
  },
  {
    "img": "/assets/images/testimoial/01.jpg",
    "logo": "/assets/images/testimoial/logo.png",
    "subTitle": "Senior Director of Marketing",
    "title": "Marvin McKinney",
    "desc": "It's a pleasure working with Bunker. They understood our new brand positioning guidelines and translated them beautifully and consistently into our on-going marketing comms. The team is responsive, quick and always willing help winning partnership."  
  }
]
